year,month,monthly_revenue,monthly_revenue_growth
2023,10,4103615.96,0.0
2023,11,4982451.07,21.416114923190822
2023,12,4630796.96,-7.057853756303933
2024,1,4220799.63,-8.853709923831342
2024,2,4545330.3,7.688843310479543
2024,3,4982564.13,9.619407196876328
2024,4,4463393.85,-10.41974105007657
2024,5,4568677.43,2.3588234320840895
2024,6,4580462.82,0.2579606501131426
2024,7,4888707.69,6.729557298316857
2024,8,4540166.84,-7.129508902996006
2024,9,4940316.43,8.813543733119733
